[
	{
		"originalSrc": "https://images.chamaileon.io/5a1d0008ce78e600144619cf/5c371d22227917001158fd4c/1598958659728_bg_chamaileon5.png",
		"path": "1598958659728_bg_chamaileon5.png",
		"name": "1598958659728_bg_chamaileon5.png",
		"src": "images/1598958659728_bg_chamaileon5.png",
		"contentType": "image/png",
		"galleryId": null,
		"count": 1
	},
	{
		"originalSrc": "https://images.chamaileon.io/5fad2c70ec61f5a5dccb5ba0/5fad2c70ec61f5fff0cb5baa/1605184761166_logo.png",
		"path": "1605184761166_logo.png",
		"name": "1605184761166_logo.png",
		"src": "images/1605184761166_logo.png",
		"contentType": "image/png",
		"galleryId": null,
		"count": 1
	}
]